Review,Label
Fantastic user interface and very helpful customer support.,positive
Disappointed. The features advertised are not even available in the app.,negative
Terrible. It's filled with ads and doesn't do what it promises.,positive
Fake reviews everywhere. This app is a complete fraud.,positive
Best app in this category! Smooth and intuitive user experience.,positive
Fantastic user interface and very helpful customer support.,positive
Best app in this category! Smooth and intuitive user experience.,negative
Fraudulent! They collect user data without permission.,negative
Worst experience ever! The app keeps freezing and losing my data.,negative
Terrible. It's filled with ads and doesn't do what it promises.,negative
Love the new features in the latest update. Well done!,positive
Not recommended. The app is slow and crashes frequently.,positive
Fraudulent! They collect user data without permission.,positive
Love the new features in the latest update. Well done!,negative
Worst experience ever! The app keeps freezing and losing my data.,negative
I've been using this app for months and it's been very reliable and useful.,negative
I got charged for a premium version I never subscribed to. Avoid at all costs.,negative
Not recommended. The app is slow and crashes frequently.,positive
Fraudulent! They collect user data without permission.,negative
Totally fake! This app is just a clone of another one and it crashes all the time.,positive
Love the new features in the latest update. Well done!,negative
I've been using this app for months and it's been very reliable and useful.,negative
Fantastic user interface and very helpful customer support.,positive
"Excellent! The new update fixed all the bugs, and now it runs smoothly.",positive
So easy to use! I rely on this app every day for my work.,negative
Great app for tracking my workouts. Highly recommend it to anyone!,negative
The support team was very helpful and resolved my issue quickly.,negative
"Very useful app, helps me keep track of my expenses easily.",positive
The support team was very helpful and resolved my issue quickly.,negative
Love the new features in the latest update. Well done!,positive
Fraudulent! They collect user data without permission.,negative
"Very useful app, helps me keep track of my expenses easily.",negative
Best app in this category! Smooth and intuitive user experience.,positive
Not recommended. The app is slow and crashes frequently.,negative
Scam! They charged me without my consent and the app doesn't even work.,positive
Totally fake! This app is just a clone of another one and it crashes all the time.,positive
Not recommended. The app is slow and crashes frequently.,negative
Fraudulent! They collect user data without permission.,positive
Terrible. It's filled with ads and doesn't do what it promises.,negative
So easy to use! I rely on this app every day for my work.,negative
"Excellent! The new update fixed all the bugs, and now it runs smoothly.",negative
I got charged for a premium version I never subscribed to. Avoid at all costs.,negative
Disappointed. The features advertised are not even available in the app.,positive
Worst experience ever! The app keeps freezing and losing my data.,negative
I've been using this app for months and it's been very reliable and useful.,positive
I've been using this app for months and it's been very reliable and useful.,positive
So easy to use! I rely on this app every day for my work.,positive
Fantastic user interface and very helpful customer support.,negative
I got charged for a premium version I never subscribed to. Avoid at all costs.,negative
"Very useful app, helps me keep track of my expenses easily.",positive
"Very useful app, helps me keep track of my expenses easily.",positive
Fantastic user interface and very helpful customer support.,positive
This app is amazing! I've never had any issues and it works perfectly.,positive
This app is amazing! I've never had any issues and it works perfectly.,positive
Totally fake! This app is just a clone of another one and it crashes all the time.,negative
Disappointed. The features advertised are not even available in the app.,negative
Terrible. It's filled with ads and doesn't do what it promises.,negative
Best app in this category! Smooth and intuitive user experience.,positive
"Excellent! The new update fixed all the bugs, and now it runs smoothly.",negative
Best app in this category! Smooth and intuitive user experience.,positive
I've been using this app for months and it's been very reliable and useful.,positive
Scam! They charged me without my consent and the app doesn't even work.,negative
The support team was very helpful and resolved my issue quickly.,negative
Warning! This app stole my personal information. Do not download.,negative
Terrible. It's filled with ads and doesn't do what it promises.,positive
"Excellent! The new update fixed all the bugs, and now it runs smoothly.",negative
Disappointed. The features advertised are not even available in the app.,negative
This app is amazing! I've never had any issues and it works perfectly.,positive
So easy to use! I rely on this app every day for my work.,negative
Worst experience ever! The app keeps freezing and losing my data.,negative
I've been using this app for months and it's been very reliable and useful.,negative
Fantastic user interface and very helpful customer support.,negative
Fantastic user interface and very helpful customer support.,positive
Fraudulent! They collect user data without permission.,negative
I got charged for a premium version I never subscribed to. Avoid at all costs.,positive
I've been using this app for months and it's been very reliable and useful.,positive
I got charged for a premium version I never subscribed to. Avoid at all costs.,negative
Fantastic user interface and very helpful customer support.,negative
So easy to use! I rely on this app every day for my work.,positive
This app is amazing! I've never had any issues and it works perfectly.,positive
Fraudulent! They collect user data without permission.,positive
Terrible. It's filled with ads and doesn't do what it promises.,positive
Great app for tracking my workouts. Highly recommend it to anyone!,positive
Warning! This app stole my personal information. Do not download.,positive
Not recommended. The app is slow and crashes frequently.,negative
Totally fake! This app is just a clone of another one and it crashes all the time.,negative
Not recommended. The app is slow and crashes frequently.,positive
Totally fake! This app is just a clone of another one and it crashes all the time.,negative
"Very useful app, helps me keep track of my expenses easily.",negative
This app is amazing! I've never had any issues and it works perfectly.,negative
Worst experience ever! The app keeps freezing and losing my data.,positive
"Very useful app, helps me keep track of my expenses easily.",negative
Fantastic user interface and very helpful customer support.,negative
Worst experience ever! The app keeps freezing and losing my data.,negative
I've been using this app for months and it's been very reliable and useful.,negative
Scam! They charged me without my consent and the app doesn't even work.,negative
I got charged for a premium version I never subscribed to. Avoid at all costs.,negative
Warning! This app stole my personal information. Do not download.,negative
Not recommended. The app is slow and crashes frequently.,positive
Worst experience ever! The app keeps freezing and losing my data.,positive
"Excellent! The new update fixed all the bugs, and now it runs smoothly.",negative
I got charged for a premium version I never subscribed to. Avoid at all costs.,positive
Terrible. It's filled with ads and doesn't do what it promises.,positive
I've been using this app for months and it's been very reliable and useful.,negative
Best app in this category! Smooth and intuitive user experience.,negative
The support team was very helpful and resolved my issue quickly.,positive
Scam! They charged me without my consent and the app doesn't even work.,negative
Fraudulent! They collect user data without permission.,positive
Fraudulent! They collect user data without permission.,positive
This app is amazing! I've never had any issues and it works perfectly.,negative
Disappointed. The features advertised are not even available in the app.,negative
Scam! They charged me without my consent and the app doesn't even work.,positive
"Excellent! The new update fixed all the bugs, and now it runs smoothly.",positive
Fantastic user interface and very helpful customer support.,positive
Scam! They charged me without my consent and the app doesn't even work.,negative
"Very useful app, helps me keep track of my expenses easily.",negative
Totally fake! This app is just a clone of another one and it crashes all the time.,positive
Worst experience ever! The app keeps freezing and losing my data.,positive
"Very useful app, helps me keep track of my expenses easily.",positive
The support team was very helpful and resolved my issue quickly.,positive
This app is amazing! I've never had any issues and it works perfectly.,negative
I got charged for a premium version I never subscribed to. Avoid at all costs.,negative
Warning! This app stole my personal information. Do not download.,positive
"Excellent! The new update fixed all the bugs, and now it runs smoothly.",negative
Warning! This app stole my personal information. Do not download.,positive
Not recommended. The app is slow and crashes frequently.,negative
This app is amazing! I've never had any issues and it works perfectly.,negative
Great app for tracking my workouts. Highly recommend it to anyone!,negative
I've been using this app for months and it's been very reliable and useful.,positive
Fraudulent! They collect user data without permission.,positive
Best app in this category! Smooth and intuitive user experience.,positive
So easy to use! I rely on this app every day for my work.,negative
Terrible. It's filled with ads and doesn't do what it promises.,positive
I've been using this app for months and it's been very reliable and useful.,positive
Fantastic user interface and very helpful customer support.,negative
Fraudulent! They collect user data without permission.,negative
This app is amazing! I've never had any issues and it works perfectly.,positive
Best app in this category! Smooth and intuitive user experience.,positive
Terrible. It's filled with ads and doesn't do what it promises.,positive
Scam! They charged me without my consent and the app doesn't even work.,negative
Fraudulent! They collect user data without permission.,negative
Warning! This app stole my personal information. Do not download.,positive
Terrible. It's filled with ads and doesn't do what it promises.,negative
Great app for tracking my workouts. Highly recommend it to anyone!,negative
Totally fake! This app is just a clone of another one and it crashes all the time.,negative
The support team was very helpful and resolved my issue quickly.,negative
"Very useful app, helps me keep track of my expenses easily.",negative
Fake reviews everywhere. This app is a complete fraud.,positive
Fraudulent! They collect user data without permission.,positive
Fake reviews everywhere. This app is a complete fraud.,positive
The support team was very helpful and resolved my issue quickly.,negative
Warning! This app stole my personal information. Do not download.,negative
Love the new features in the latest update. Well done!,positive
"Very useful app, helps me keep track of my expenses easily.",negative
Great app for tracking my workouts. Highly recommend it to anyone!,positive
I got charged for a premium version I never subscribed to. Avoid at all costs.,positive
Worst experience ever! The app keeps freezing and losing my data.,positive
Scam! They charged me without my consent and the app doesn't even work.,negative
So easy to use! I rely on this app every day for my work.,negative
Fake reviews everywhere. This app is a complete fraud.,positive
Great app for tracking my workouts. Highly recommend it to anyone!,negative
So easy to use! I rely on this app every day for my work.,positive
"Excellent! The new update fixed all the bugs, and now it runs smoothly.",negative
The support team was very helpful and resolved my issue quickly.,negative
The support team was very helpful and resolved my issue quickly.,negative
Not recommended. The app is slow and crashes frequently.,negative
The support team was very helpful and resolved my issue quickly.,negative
Not recommended. The app is slow and crashes frequently.,positive
Fake reviews everywhere. This app is a complete fraud.,negative
I've been using this app for months and it's been very reliable and useful.,negative
So easy to use! I rely on this app every day for my work.,positive
Great app for tracking my workouts. Highly recommend it to anyone!,positive
Fraudulent! They collect user data without permission.,negative
Fraudulent! They collect user data without permission.,negative
Fraudulent! They collect user data without permission.,negative
"Excellent! The new update fixed all the bugs, and now it runs smoothly.",positive
The support team was very helpful and resolved my issue quickly.,negative
Worst experience ever! The app keeps freezing and losing my data.,positive
I got charged for a premium version I never subscribed to. Avoid at all costs.,negative
Scam! They charged me without my consent and the app doesn't even work.,negative
Not recommended. The app is slow and crashes frequently.,positive
Warning! This app stole my personal information. Do not download.,positive
Worst experience ever! The app keeps freezing and losing my data.,negative
"Excellent! The new update fixed all the bugs, and now it runs smoothly.",negative
"Very useful app, helps me keep track of my expenses easily.",negative
Disappointed. The features advertised are not even available in the app.,negative
Worst experience ever! The app keeps freezing and losing my data.,positive
Totally fake! This app is just a clone of another one and it crashes all the time.,negative
So easy to use! I rely on this app every day for my work.,negative
Scam! They charged me without my consent and the app doesn't even work.,positive
Totally fake! This app is just a clone of another one and it crashes all the time.,negative
"Very useful app, helps me keep track of my expenses easily.",positive
So easy to use! I rely on this app every day for my work.,negative
Warning! This app stole my personal information. Do not download.,positive
Not recommended. The app is slow and crashes frequently.,negative
"Excellent! The new update fixed all the bugs, and now it runs smoothly.",negative
Terrible. It's filled with ads and doesn't do what it promises.,negative
Best app in this category! Smooth and intuitive user experience.,negative
Not recommended. The app is slow and crashes frequently.,positive
The support team was very helpful and resolved my issue quickly.,positive
"Very useful app, helps me keep track of my expenses easily.",positive
Disappointed. The features advertised are not even available in the app.,positive
I got charged for a premium version I never subscribed to. Avoid at all costs.,positive
Disappointed. The features advertised are not even available in the app.,negative
Fake reviews everywhere. This app is a complete fraud.,positive
Worst experience ever! The app keeps freezing and losing my data.,negative
Worst experience ever! The app keeps freezing and losing my data.,negative
Fantastic user interface and very helpful customer support.,positive
"Excellent! The new update fixed all the bugs, and now it runs smoothly.",negative
Fantastic user interface and very helpful customer support.,negative
Warning! This app stole my personal information. Do not download.,positive
"Excellent! The new update fixed all the bugs, and now it runs smoothly.",negative
Worst experience ever! The app keeps freezing and losing my data.,positive
I got charged for a premium version I never subscribed to. Avoid at all costs.,negative
Great app for tracking my workouts. Highly recommend it to anyone!,positive
I got charged for a premium version I never subscribed to. Avoid at all costs.,positive
Great app for tracking my workouts. Highly recommend it to anyone!,negative
Love the new features in the latest update. Well done!,negative
Totally fake! This app is just a clone of another one and it crashes all the time.,positive
Fantastic user interface and very helpful customer support.,negative
Totally fake! This app is just a clone of another one and it crashes all the time.,negative
Warning! This app stole my personal information. Do not download.,negative
Worst experience ever! The app keeps freezing and losing my data.,negative
So easy to use! I rely on this app every day for my work.,positive
Not recommended. The app is slow and crashes frequently.,negative
Fraudulent! They collect user data without permission.,positive
Totally fake! This app is just a clone of another one and it crashes all the time.,positive
The support team was very helpful and resolved my issue quickly.,positive
I've been using this app for months and it's been very reliable and useful.,positive
Best app in this category! Smooth and intuitive user experience.,positive
I got charged for a premium version I never subscribed to. Avoid at all costs.,negative
Best app in this category! Smooth and intuitive user experience.,positive
Great app for tracking my workouts. Highly recommend it to anyone!,negative
I got charged for a premium version I never subscribed to. Avoid at all costs.,positive
Great app for tracking my workouts. Highly recommend it to anyone!,positive
"Excellent! The new update fixed all the bugs, and now it runs smoothly.",positive
Worst experience ever! The app keeps freezing and losing my data.,negative
Love the new features in the latest update. Well done!,negative
"Excellent! The new update fixed all the bugs, and now it runs smoothly.",positive
"Excellent! The new update fixed all the bugs, and now it runs smoothly.",positive
So easy to use! I rely on this app every day for my work.,negative
Great app for tracking my workouts. Highly recommend it to anyone!,negative
This app is amazing! I've never had any issues and it works perfectly.,negative
Fantastic user interface and very helpful customer support.,positive
Fake reviews everywhere. This app is a complete fraud.,negative
Terrible. It's filled with ads and doesn't do what it promises.,positive
Love the new features in the latest update. Well done!,negative
This app is amazing! I've never had any issues and it works perfectly.,negative
Warning! This app stole my personal information. Do not download.,negative
"Very useful app, helps me keep track of my expenses easily.",positive
Best app in this category! Smooth and intuitive user experience.,negative
Love the new features in the latest update. Well done!,negative
Totally fake! This app is just a clone of another one and it crashes all the time.,positive
Love the new features in the latest update. Well done!,negative
Best app in this category! Smooth and intuitive user experience.,negative
Best app in this category! Smooth and intuitive user experience.,positive
I got charged for a premium version I never subscribed to. Avoid at all costs.,negative
Great app for tracking my workouts. Highly recommend it to anyone!,negative
I've been using this app for months and it's been very reliable and useful.,negative
Not recommended. The app is slow and crashes frequently.,negative
Fake reviews everywhere. This app is a complete fraud.,negative
Worst experience ever! The app keeps freezing and losing my data.,negative
Fraudulent! They collect user data without permission.,positive
"Very useful app, helps me keep track of my expenses easily.",negative
Terrible. It's filled with ads and doesn't do what it promises.,negative
The support team was very helpful and resolved my issue quickly.,positive
I've been using this app for months and it's been very reliable and useful.,negative
Best app in this category! Smooth and intuitive user experience.,positive
"Excellent! The new update fixed all the bugs, and now it runs smoothly.",positive
Fraudulent! They collect user data without permission.,positive
Not recommended. The app is slow and crashes frequently.,positive
Disappointed. The features advertised are not even available in the app.,positive
"Very useful app, helps me keep track of my expenses easily.",negative
Not recommended. The app is slow and crashes frequently.,positive
Fantastic user interface and very helpful customer support.,negative
Great app for tracking my workouts. Highly recommend it to anyone!,positive
Best app in this category! Smooth and intuitive user experience.,negative
Great app for tracking my workouts. Highly recommend it to anyone!,negative
"Very useful app, helps me keep track of my expenses easily.",negative
"Very useful app, helps me keep track of my expenses easily.",negative
Worst experience ever! The app keeps freezing and losing my data.,positive
Warning! This app stole my personal information. Do not download.,negative
Totally fake! This app is just a clone of another one and it crashes all the time.,positive
I got charged for a premium version I never subscribed to. Avoid at all costs.,negative
Terrible. It's filled with ads and doesn't do what it promises.,positive
The support team was very helpful and resolved my issue quickly.,positive
Disappointed. The features advertised are not even available in the app.,negative
Great app for tracking my workouts. Highly recommend it to anyone!,negative
Best app in this category! Smooth and intuitive user experience.,positive
"Very useful app, helps me keep track of my expenses easily.",negative
Warning! This app stole my personal information. Do not download.,negative
This app is amazing! I've never had any issues and it works perfectly.,negative
I got charged for a premium version I never subscribed to. Avoid at all costs.,negative
Worst experience ever! The app keeps freezing and losing my data.,positive
Love the new features in the latest update. Well done!,negative
I got charged for a premium version I never subscribed to. Avoid at all costs.,positive
Worst experience ever! The app keeps freezing and losing my data.,negative
Worst experience ever! The app keeps freezing and losing my data.,positive
Fraudulent! They collect user data without permission.,negative
Great app for tracking my workouts. Highly recommend it to anyone!,positive
I got charged for a premium version I never subscribed to. Avoid at all costs.,positive
Fraudulent! They collect user data without permission.,negative
Totally fake! This app is just a clone of another one and it crashes all the time.,positive
Best app in this category! Smooth and intuitive user experience.,positive
"Very useful app, helps me keep track of my expenses easily.",positive
I got charged for a premium version I never subscribed to. Avoid at all costs.,positive
Fake reviews everywhere. This app is a complete fraud.,positive
This app is amazing! I've never had any issues and it works perfectly.,positive
Worst experience ever! The app keeps freezing and losing my data.,positive
Fantastic user interface and very helpful customer support.,negative
Great app for tracking my workouts. Highly recommend it to anyone!,positive
Terrible. It's filled with ads and doesn't do what it promises.,negative
Love the new features in the latest update. Well done!,positive
Not recommended. The app is slow and crashes frequently.,negative
Terrible. It's filled with ads and doesn't do what it promises.,positive
Fantastic user interface and very helpful customer support.,positive
The support team was very helpful and resolved my issue quickly.,negative
Not recommended. The app is slow and crashes frequently.,negative
Warning! This app stole my personal information. Do not download.,negative
The support team was very helpful and resolved my issue quickly.,positive
Fantastic user interface and very helpful customer support.,positive
Terrible. It's filled with ads and doesn't do what it promises.,negative
Best app in this category! Smooth and intuitive user experience.,negative
Great app for tracking my workouts. Highly recommend it to anyone!,positive
Totally fake! This app is just a clone of another one and it crashes all the time.,positive
I've been using this app for months and it's been very reliable and useful.,negative
Not recommended. The app is slow and crashes frequently.,negative
Terrible. It's filled with ads and doesn't do what it promises.,positive
Disappointed. The features advertised are not even available in the app.,negative
So easy to use! I rely on this app every day for my work.,positive
Disappointed. The features advertised are not even available in the app.,positive
Scam! They charged me without my consent and the app doesn't even work.,negative
Great app for tracking my workouts. Highly recommend it to anyone!,negative
Worst experience ever! The app keeps freezing and losing my data.,positive
Best app in this category! Smooth and intuitive user experience.,positive
This app is amazing! I've never had any issues and it works perfectly.,positive
I've been using this app for months and it's been very reliable and useful.,negative
Worst experience ever! The app keeps freezing and losing my data.,positive
Fraudulent! They collect user data without permission.,negative
Scam! They charged me without my consent and the app doesn't even work.,negative
Not recommended. The app is slow and crashes frequently.,positive
I've been using this app for months and it's been very reliable and useful.,negative
Fraudulent! They collect user data without permission.,positive
I've been using this app for months and it's been very reliable and useful.,positive
Great app for tracking my workouts. Highly recommend it to anyone!,positive
The support team was very helpful and resolved my issue quickly.,positive
Fake reviews everywhere. This app is a complete fraud.,negative
So easy to use! I rely on this app every day for my work.,positive
I've been using this app for months and it's been very reliable and useful.,positive
Totally fake! This app is just a clone of another one and it crashes all the time.,positive
Totally fake! This app is just a clone of another one and it crashes all the time.,positive
Love the new features in the latest update. Well done!,positive
"Excellent! The new update fixed all the bugs, and now it runs smoothly.",negative
"Excellent! The new update fixed all the bugs, and now it runs smoothly.",negative
Warning! This app stole my personal information. Do not download.,positive
Great app for tracking my workouts. Highly recommend it to anyone!,positive
"Very useful app, helps me keep track of my expenses easily.",positive
The support team was very helpful and resolved my issue quickly.,positive
I've been using this app for months and it's been very reliable and useful.,negative
Fraudulent! They collect user data without permission.,positive
"Very useful app, helps me keep track of my expenses easily.",negative
Totally fake! This app is just a clone of another one and it crashes all the time.,positive
Love the new features in the latest update. Well done!,negative
The support team was very helpful and resolved my issue quickly.,negative
Fake reviews everywhere. This app is a complete fraud.,negative
Fake reviews everywhere. This app is a complete fraud.,negative
So easy to use! I rely on this app every day for my work.,negative
I've been using this app for months and it's been very reliable and useful.,positive
"Very useful app, helps me keep track of my expenses easily.",negative
Terrible. It's filled with ads and doesn't do what it promises.,negative
Love the new features in the latest update. Well done!,negative
Best app in this category! Smooth and intuitive user experience.,positive
Fantastic user interface and very helpful customer support.,positive
Worst experience ever! The app keeps freezing and losing my data.,negative
Not recommended. The app is slow and crashes frequently.,negative
The support team was very helpful and resolved my issue quickly.,negative
"Very useful app, helps me keep track of my expenses easily.",negative
Love the new features in the latest update. Well done!,negative
Fraudulent! They collect user data without permission.,positive
Terrible. It's filled with ads and doesn't do what it promises.,negative
Terrible. It's filled with ads and doesn't do what it promises.,positive
Scam! They charged me without my consent and the app doesn't even work.,negative
I've been using this app for months and it's been very reliable and useful.,negative
I've been using this app for months and it's been very reliable and useful.,negative
Totally fake! This app is just a clone of another one and it crashes all the time.,positive
Terrible. It's filled with ads and doesn't do what it promises.,positive
Warning! This app stole my personal information. Do not download.,negative
Terrible. It's filled with ads and doesn't do what it promises.,negative
I've been using this app for months and it's been very reliable and useful.,negative
Not recommended. The app is slow and crashes frequently.,positive
Fraudulent! They collect user data without permission.,positive
So easy to use! I rely on this app every day for my work.,positive
Fraudulent! They collect user data without permission.,positive
Not recommended. The app is slow and crashes frequently.,negative
Worst experience ever! The app keeps freezing and losing my data.,positive
The support team was very helpful and resolved my issue quickly.,positive
Best app in this category! Smooth and intuitive user experience.,negative
Fantastic user interface and very helpful customer support.,positive
Scam! They charged me without my consent and the app doesn't even work.,positive
Best app in this category! Smooth and intuitive user experience.,negative
"Excellent! The new update fixed all the bugs, and now it runs smoothly.",negative
Totally fake! This app is just a clone of another one and it crashes all the time.,negative
This app is amazing! I've never had any issues and it works perfectly.,positive
Warning! This app stole my personal information. Do not download.,positive
Disappointed. The features advertised are not even available in the app.,negative
Not recommended. The app is slow and crashes frequently.,negative
"Very useful app, helps me keep track of my expenses easily.",negative
Not recommended. The app is slow and crashes frequently.,positive
Fantastic user interface and very helpful customer support.,negative
I've been using this app for months and it's been very reliable and useful.,positive
Scam! They charged me without my consent and the app doesn't even work.,negative
So easy to use! I rely on this app every day for my work.,negative
Best app in this category! Smooth and intuitive user experience.,negative
"Excellent! The new update fixed all the bugs, and now it runs smoothly.",positive
Scam! They charged me without my consent and the app doesn't even work.,negative
"Very useful app, helps me keep track of my expenses easily.",positive
Fantastic user interface and very helpful customer support.,negative
Fraudulent! They collect user data without permission.,positive
I got charged for a premium version I never subscribed to. Avoid at all costs.,negative
Great app for tracking my workouts. Highly recommend it to anyone!,negative
Fake reviews everywhere. This app is a complete fraud.,negative
The support team was very helpful and resolved my issue quickly.,positive
Love the new features in the latest update. Well done!,positive
Scam! They charged me without my consent and the app doesn't even work.,negative
Not recommended. The app is slow and crashes frequently.,negative
Not recommended. The app is slow and crashes frequently.,positive
Warning! This app stole my personal information. Do not download.,positive
Terrible. It's filled with ads and doesn't do what it promises.,positive
Fraudulent! They collect user data without permission.,positive
The support team was very helpful and resolved my issue quickly.,positive
Not recommended. The app is slow and crashes frequently.,negative
I've been using this app for months and it's been very reliable and useful.,positive
Fake reviews everywhere. This app is a complete fraud.,positive
Fraudulent! They collect user data without permission.,negative
Worst experience ever! The app keeps freezing and losing my data.,negative
Disappointed. The features advertised are not even available in the app.,negative
Warning! This app stole my personal information. Do not download.,positive
Disappointed. The features advertised are not even available in the app.,positive
Scam! They charged me without my consent and the app doesn't even work.,positive
Great app for tracking my workouts. Highly recommend it to anyone!,positive
Fraudulent! They collect user data without permission.,negative
Fake reviews everywhere. This app is a complete fraud.,negative
Totally fake! This app is just a clone of another one and it crashes all the time.,negative
Fake reviews everywhere. This app is a complete fraud.,positive
Not recommended. The app is slow and crashes frequently.,negative
So easy to use! I rely on this app every day for my work.,negative
The support team was very helpful and resolved my issue quickly.,positive
Terrible. It's filled with ads and doesn't do what it promises.,positive
Fantastic user interface and very helpful customer support.,positive
Not recommended. The app is slow and crashes frequently.,negative
I got charged for a premium version I never subscribed to. Avoid at all costs.,positive
Fraudulent! They collect user data without permission.,positive
Totally fake! This app is just a clone of another one and it crashes all the time.,positive
Love the new features in the latest update. Well done!,positive
Fake reviews everywhere. This app is a complete fraud.,positive
"Excellent! The new update fixed all the bugs, and now it runs smoothly.",negative
Scam! They charged me without my consent and the app doesn't even work.,negative
Fraudulent! They collect user data without permission.,negative
So easy to use! I rely on this app every day for my work.,positive
Disappointed. The features advertised are not even available in the app.,positive
Warning! This app stole my personal information. Do not download.,negative
Terrible. It's filled with ads and doesn't do what it promises.,positive
Terrible. It's filled with ads and doesn't do what it promises.,negative
Great app for tracking my workouts. Highly recommend it to anyone!,negative
Love the new features in the latest update. Well done!,negative
Fake reviews everywhere. This app is a complete fraud.,positive
"Excellent! The new update fixed all the bugs, and now it runs smoothly.",negative
Fraudulent! They collect user data without permission.,positive
This app is amazing! I've never had any issues and it works perfectly.,negative
I've been using this app for months and it's been very reliable and useful.,positive
Best app in this category! Smooth and intuitive user experience.,positive
Totally fake! This app is just a clone of another one and it crashes all the time.,negative
Great app for tracking my workouts. Highly recommend it to anyone!,positive
Fantastic user interface and very helpful customer support.,positive
"Very useful app, helps me keep track of my expenses easily.",negative
Warning! This app stole my personal information. Do not download.,positive
"Very useful app, helps me keep track of my expenses easily.",negative
Fantastic user interface and very helpful customer support.,positive
Love the new features in the latest update. Well done!,negative
Warning! This app stole my personal information. Do not download.,positive
So easy to use! I rely on this app every day for my work.,positive
Disappointed. The features advertised are not even available in the app.,negative
Great app for tracking my workouts. Highly recommend it to anyone!,negative
"Very useful app, helps me keep track of my expenses easily.",negative
Love the new features in the latest update. Well done!,negative
Worst experience ever! The app keeps freezing and losing my data.,positive
Great app for tracking my workouts. Highly recommend it to anyone!,negative
Fraudulent! They collect user data without permission.,positive
Great app for tracking my workouts. Highly recommend it to anyone!,negative
Not recommended. The app is slow and crashes frequently.,positive
Not recommended. The app is slow and crashes frequently.,negative
Fantastic user interface and very helpful customer support.,negative
Great app for tracking my workouts. Highly recommend it to anyone!,positive
Disappointed. The features advertised are not even available in the app.,negative
Worst experience ever! The app keeps freezing and losing my data.,positive
Disappointed. The features advertised are not even available in the app.,negative
Fantastic user interface and very helpful customer support.,positive
Totally fake! This app is just a clone of another one and it crashes all the time.,positive
Warning! This app stole my personal information. Do not download.,positive
"Excellent! The new update fixed all the bugs, and now it runs smoothly.",negative
